product_id,title,description,category,item_type,brand,model_tier,price,material,tecnologia
1,Smartphone Apple - Basic,"O Smartphone Apple - Basic é a escolha ideal para quem busca performance. Fabricado com Polímero de alta resistência, este modelo Basic oferece Conexão 5G. Produto original Apple com acabamento premium.",Eletrônicos,Smartphone,Apple,Basic,233.89,Polímero de alta resistência,Conexão 5G
2,Smartphone Apple - Plus,"O Smartphone Apple - Plus é a escolha ideal para quem busca performance. Fabricado com Polímero de alta resistência, este modelo Plus oferece Bateria de 5000mAh. Produto original Apple com acabamento premium.",Eletrônicos,Smartphone,Apple,Plus,350.84,Polímero de alta resistência,Bateria de 5000mAh
3,Smartphone Apple - Premium,"O Smartphone Apple - Premium é a escolha ideal para quem busca performance. Fabricado com Polímero de alta resistência, este modelo Premium oferece Bateria de 5000mAh. Produto original Apple com acabamento premium.",Eletrônicos,Smartphone,Apple,Premium,467.78,Polímero de alta resistência,Bateria de 5000mAh
4,Smartphone Apple - Pro Max,"O Smartphone Apple - Pro Max é a escolha ideal para quem busca performance. Fabricado com Polímero de alta resistência, este modelo Pro Max oferece Processador Octa-core. Produto original Apple com acabamento premium.",Eletrônicos,Smartphone,Apple,Pro Max,584.73,Polímero de alta resistência,Processador Octa-core
5,Smartphone Samsung - Basic,"O Smartphone Samsung - Basic é a escolha ideal para quem busca performance. Fabricado com Vidro temperado, este modelo Basic oferece Bateria de 5000mAh. Produto original Samsung com acabamento premium.",Eletrônicos,Smartphone,Samsung,Basic,429.98,Vidro temperado,Bateria de 5000mAh
6,Smartphone Samsung - Plus,"O Smartphone Samsung - Plus é a escolha ideal para quem busca performance. Fabricado com Vidro temperado, este modelo Plus oferece Conexão 5G. Produto original Samsung com acabamento premium.",Eletrônicos,Smartphone,Samsung,Plus,644.97,Vidro temperado,Conexão 5G
7,Smartphone Samsung - Premium,"O Smartphone Samsung - Premium é a escolha ideal para quem busca performance. Fabricado com Vidro temperado, este modelo Premium oferece Conexão 5G. Produto original Samsung com acabamento premium.",Eletrônicos,Smartphone,Samsung,Premium,859.96,Vidro temperado,Conexão 5G
8,Smartphone Samsung - Pro Max,"O Smartphone Samsung - Pro Max é a escolha ideal para quem busca performance. Fabricado com Vidro temperado, este modelo Pro Max oferece Tela Super AMOLED. Produto original Samsung com acabamento premium.",Eletrônicos,Smartphone,Samsung,Pro Max,1074.95,Vidro temperado,Tela Super AMOLED
9,Smartphone LG - Basic,"O Smartphone LG - Basic é a escolha ideal para quem busca performance. Fabricado com Alumínio aeroespacial, este modelo Basic oferece Bateria de 5000mAh. Produto original LG com acabamento premium.",Eletrônicos,Smartphone,LG,Basic,318.14,Alumínio aeroespacial,Bateria de 5000mAh
10,Smartphone LG - Plus,"O Smartphone LG - Plus é a escolha ideal para quem busca performance. Fabricado com Alumínio aeroespacial, este modelo Plus oferece Processador Octa-core. Produto original LG com acabamento premium.",Eletrônicos,Smartphone,LG,Plus,477.21,Alumínio aeroespacial,Processador Octa-core
11,Smartphone LG - Premium,"O Smartphone LG - Premium é a escolha ideal para quem busca performance. Fabricado com Alumínio aeroespacial, este modelo Premium oferece Processador Octa-core. Produto original LG com acabamento premium.",Eletrônicos,Smartphone,LG,Premium,636.28,Alumínio aeroespacial,Processador Octa-core
12,Smartphone LG - Pro Max,"O Smartphone LG - Pro Max é a escolha ideal para quem busca performance. Fabricado com Alumínio aeroespacial, este modelo Pro Max oferece Conexão 5G. Produto original LG com acabamento premium.",Eletrônicos,Smartphone,LG,Pro Max,795.35,Alumínio aeroespacial,Conexão 5G
13,Smartphone Motorola - Basic,"O Smartphone Motorola - Basic é a escolha ideal para quem busca performance. Fabricado com Polímero de alta resistência, este modelo Basic oferece Conexão 5G. Produto original Motorola com acabamento premium.",Eletrônicos,Smartphone,Motorola,Basic,456.46,Polímero de alta resistência,Conexão 5G
14,Smartphone Motorola - Plus,"O Smartphone Motorola - Plus é a escolha ideal para quem busca performance. Fabricado com Polímero de alta resistência, este modelo Plus oferece Processador Octa-core. Produto original Motorola com acabamento premium.",Eletrônicos,Smartphone,Motorola,Plus,684.69,Polímero de alta resistência,Processador Octa-core
15,Smartphone Motorola - Premium,"O Smartphone Motorola - Premium é a escolha ideal para quem busca performance. Fabricado com Polímero de alta resistência, este modelo Premium oferece Tela Super AMOLED. Produto original Motorola com acabamento premium.",Eletrônicos,Smartphone,Motorola,Premium,912.91,Polímero de alta resistência,Tela Super AMOLED
16,Smartphone Motorola - Pro Max,"O Smartphone Motorola - Pro Max é a escolha ideal para quem busca performance. Fabricado com Polímero de alta resistência, este modelo Pro Max oferece Tela Super AMOLED. Produto original Motorola com acabamento premium.",Eletrônicos,Smartphone,Motorola,Pro Max,1141.14,Polímero de alta resistência,Tela Super AMOLED
17,Smartwatch Apple - Basic,"O Smartwatch Apple - Basic é a escolha ideal para quem busca performance. Fabricado com Vidro temperado, este modelo Basic oferece Processador Octa-core. Produto original Apple com acabamento premium.",Eletrônicos,Smartwatch,Apple,Basic,465.82,Vidro temperado,Processador Octa-core
18,Smartwatch Apple - Plus,"O Smartwatch Apple - Plus é a escolha ideal para quem busca performance. Fabricado com Vidro temperado, este modelo Plus oferece Processador Octa-core. Produto original Apple com acabamento premium.",Eletrônicos,Smartwatch,Apple,Plus,698.72,Vidro temperado,Processador Octa-core
19,Smartwatch Apple - Premium,"O Smartwatch Apple - Premium é a escolha ideal para quem busca performance. Fabricado com Vidro temperado, este modelo Premium oferece Bateria de 5000mAh. Produto original Apple com acabamento premium.",Eletrônicos,Smartwatch,Apple,Premium,931.63,Vidro temperado,Bateria de 5000mAh
20,Smartwatch Apple - Pro Max,"O Smartwatch Apple - Pro Max é a escolha ideal para quem busca performance. Fabricado com Vidro temperado, este modelo Pro Max oferece Bateria de 5000mAh. Produto original Apple com acabamento premium.",Eletrônicos,Smartwatch,Apple,Pro Max,1164.54,Vidro temperado,Bateria de 5000mAh
21,Smartwatch Samsung - Basic,"O Smartwatch Samsung - Basic é a escolha ideal para quem busca performance. Fabricado com Vidro temperado, este modelo Basic oferece Bateria de 5000mAh. Produto original Samsung com acabamento premium.",Eletrônicos,Smartwatch,Samsung,Basic,441.7,Vidro temperado,Bateria de 5000mAh
22,Smartwatch Samsung - Plus,"O Smartwatch Samsung - Plus é a escolha ideal para quem busca performance. Fabricado com Vidro temperado, este modelo Plus oferece Processador Octa-core. Produto original Samsung com acabamento premium.",Eletrônicos,Smartwatch,Samsung,Plus,662.55,Vidro temperado,Processador Octa-core
23,Smartwatch Samsung - Premium,"O Smartwatch Samsung - Premium é a escolha ideal para quem busca performance. Fabricado com Vidro temperado, este modelo Premium oferece Bateria de 5000mAh. Produto original Samsung com acabamento premium.",Eletrônicos,Smartwatch,Samsung,Premium,883.4,Vidro temperado,Bateria de 5000mAh
24,Smartwatch Samsung - Pro Max,"O Smartwatch Samsung - Pro Max é a escolha ideal para quem busca performance. Fabricado com Vidro temperado, este modelo Pro Max oferece Bateria de 5000mAh. Produto original Samsung com acabamento premium.",Eletrônicos,Smartwatch,Samsung,Pro Max,1104.25,Vidro temperado,Bateria de 5000mAh
25,Smartwatch LG - Basic,"O Smartwatch LG - Basic é a escolha ideal para quem busca performance. Fabricado com Vidro temperado, este modelo Basic oferece Processador Octa-core. Produto original LG com acabamento premium.",Eletrônicos,Smartwatch,LG,Basic,463.82,Vidro temperado,Processador Octa-core
26,Smartwatch LG - Plus,"O Smartwatch LG - Plus é a escolha ideal para quem busca performance. Fabricado com Vidro temperado, este modelo Plus oferece Bateria de 5000mAh. Produto original LG com acabamento premium.",Eletrônicos,Smartwatch,LG,Plus,695.73,Vidro temperado,Bateria de 5000mAh
27,Smartwatch LG - Premium,"O Smartwatch LG - Premium é a escolha ideal para quem busca performance. Fabricado com Vidro temperado, este modelo Premium oferece Tela Super AMOLED. Produto original LG com acabamento premium.",Eletrônicos,Smartwatch,LG,Premium,927.64,Vidro temperado,Tela Super AMOLED
28,Smartwatch LG - Pro Max,"O Smartwatch LG - Pro Max é a escolha ideal para quem busca performance. Fabricado com Vidro temperado, este modelo Pro Max oferece Bateria de 5000mAh. Produto original LG com acabamento premium.",Eletrônicos,Smartwatch,LG,Pro Max,1159.54,Vidro temperado,Bateria de 5000mAh
29,Smartwatch Motorola - Basic,"O Smartwatch Motorola - Basic é a escolha ideal para quem busca performance. Fabricado com Vidro temperado, este modelo Basic oferece Bateria de 5000mAh. Produto original Motorola com acabamento premium.",Eletrônicos,Smartwatch,Motorola,Basic,432.89,Vidro temperado,Bateria de 5000mAh
30,Smartwatch Motorola - Plus,"O Smartwatch Motorola - Plus é a escolha ideal para quem busca performance. Fabricado com Vidro temperado, este modelo Plus oferece Bateria de 5000mAh. Produto original Motorola com acabamento premium.",Eletrônicos,Smartwatch,Motorola,Plus,649.33,Vidro temperado,Bateria de 5000mAh
31,Smartwatch Motorola - Premium,"O Smartwatch Motorola - Premium é a escolha ideal para quem busca performance. Fabricado com Vidro temperado, este modelo Premium oferece Conexão 5G. Produto original Motorola com acabamento premium.",Eletrônicos,Smartwatch,Motorola,Premium,865.78,Vidro temperado,Conexão 5G
32,Smartwatch Motorola - Pro Max,"O Smartwatch Motorola - Pro Max é a escolha ideal para quem busca performance. Fabricado com Vidro temperado, este modelo Pro Max oferece Conexão 5G. Produto original Motorola com acabamento premium.",Eletrônicos,Smartwatch,Motorola,Pro Max,1082.22,Vidro temperado,Conexão 5G
33,Notebook Apple - Basic,"O Notebook Apple - Basic é a escolha ideal para quem busca performance. Fabricado com Polímero de alta resistência, este modelo Basic oferece Processador Octa-core. Produto original Apple com acabamento premium.",Eletrônicos,Notebook,Apple,Basic,249.42,Polímero de alta resistência,Processador Octa-core
34,Notebook Apple - Plus,"O Notebook Apple - Plus é a escolha ideal para quem busca performance. Fabricado com Polímero de alta resistência, este modelo Plus oferece Processador Octa-core. Produto original Apple com acabamento premium.",Eletrônicos,Notebook,Apple,Plus,374.13,Polímero de alta resistência,Processador Octa-core
35,Notebook Apple - Premium,"O Notebook Apple - Premium é a escolha ideal para quem busca performance. Fabricado com Polímero de alta resistência, este modelo Premium oferece Conexão 5G. Produto original Apple com acabamento premium.",Eletrônicos,Notebook,Apple,Premium,498.84,Polímero de alta resistência,Conexão 5G
36,Notebook Apple - Pro Max,"O Notebook Apple - Pro Max é a escolha ideal para quem busca performance. Fabricado com Polímero de alta resistência, este modelo Pro Max oferece Conexão 5G. Produto original Apple com acabamento premium.",Eletrônicos,Notebook,Apple,Pro Max,623.55,Polímero de alta resistência,Conexão 5G
37,Notebook Samsung - Basic,"O Notebook Samsung - Basic é a escolha ideal para quem busca performance. Fabricado com Vidro temperado, este modelo Basic oferece Tela Super AMOLED. Produto original Samsung com acabamento premium.",Eletrônicos,Notebook,Samsung,Basic,238.34,Vidro temperado,Tela Super AMOLED
38,Notebook Samsung - Plus,"O Notebook Samsung - Plus é a escolha ideal para quem busca performance. Fabricado com Vidro temperado, este modelo Plus oferece Tela Super AMOLED. Produto original Samsung com acabamento premium.",Eletrônicos,Notebook,Samsung,Plus,357.51,Vidro temperado,Tela Super AMOLED
39,Notebook Samsung - Premium,"O Notebook Samsung - Premium é a escolha ideal para quem busca performance. Fabricado com Vidro temperado, este modelo Premium oferece Processador Octa-core. Produto original Samsung com acabamento premium.",Eletrônicos,Notebook,Samsung,Premium,476.68,Vidro temperado,Processador Octa-core
40,Notebook Samsung - Pro Max,"O Notebook Samsung - Pro Max é a escolha ideal para quem busca performance. Fabricado com Vidro temperado, este modelo Pro Max oferece Conexão 5G. Produto original Samsung com acabamento premium.",Eletrônicos,Notebook,Samsung,Pro Max,595.85,Vidro temperado,Conexão 5G
41,Notebook LG - Basic,"O Notebook LG - Basic é a escolha ideal para quem busca performance. Fabricado com Alumínio aeroespacial, este modelo Basic oferece Processador Octa-core. Produto original LG com acabamento premium.",Eletrônicos,Notebook,LG,Basic,391.69,Alumínio aeroespacial,Processador Octa-core
42,Notebook LG - Plus,"O Notebook LG - Plus é a escolha ideal para quem busca performance. Fabricado com Alumínio aeroespacial, este modelo Plus oferece Conexão 5G. Produto original LG com acabamento premium.",Eletrônicos,Notebook,LG,Plus,587.53,Alumínio aeroespacial,Conexão 5G
43,Notebook LG - Premium,"O Notebook LG - Premium é a escolha ideal para quem busca performance. Fabricado com Alumínio aeroespacial, este modelo Premium oferece Conexão 5G. Produto original LG com acabamento premium.",Eletrônicos,Notebook,LG,Premium,783.38,Alumínio aeroespacial,Conexão 5G
44,Notebook LG - Pro Max,"O Notebook LG - Pro Max é a escolha ideal para quem busca performance. Fabricado com Alumínio aeroespacial, este modelo Pro Max oferece Processador Octa-core. Produto original LG com acabamento premium.",Eletrônicos,Notebook,LG,Pro Max,979.22,Alumínio aeroespacial,Processador Octa-core
45,Notebook Motorola - Basic,"O Notebook Motorola - Basic é a escolha ideal para quem busca performance. Fabricado com Alumínio aeroespacial, este modelo Basic oferece Conexão 5G. Produto original Motorola com acabamento premium.",Eletrônicos,Notebook,Motorola,Basic,325.47,Alumínio aeroespacial,Conexão 5G
46,Notebook Motorola - Plus,"O Notebook Motorola - Plus é a escolha ideal para quem busca performance. Fabricado com Alumínio aeroespacial, este modelo Plus oferece Processador Octa-core. Produto original Motorola com acabamento premium.",Eletrônicos,Notebook,Motorola,Plus,488.2,Alumínio aeroespacial,Processador Octa-core
47,Notebook Motorola - Premium,"O Notebook Motorola - Premium é a escolha ideal para quem busca performance. Fabricado com Alumínio aeroespacial, este modelo Premium oferece Bateria de 5000mAh. Produto original Motorola com acabamento premium.",Eletrônicos,Notebook,Motorola,Premium,650.93,Alumínio aeroespacial,Bateria de 5000mAh
48,Notebook Motorola - Pro Max,"O Notebook Motorola - Pro Max é a escolha ideal para quem busca performance. Fabricado com Alumínio aeroespacial, este modelo Pro Max oferece Processador Octa-core. Produto original Motorola com acabamento premium.",Eletrônicos,Notebook,Motorola,Pro Max,813.66,Alumínio aeroespacial,Processador Octa-core
49,Tablet Apple - Basic,"O Tablet Apple - Basic é a escolha ideal para quem busca performance. Fabricado com Alumínio aeroespacial, este modelo Basic oferece Bateria de 5000mAh. Produto original Apple com acabamento premium.",Eletrônicos,Tablet,Apple,Basic,285.89,Alumínio aeroespacial,Bateria de 5000mAh
50,Tablet Apple - Plus,"O Tablet Apple - Plus é a escolha ideal para quem busca performance. Fabricado com Alumínio aeroespacial, este modelo Plus oferece Processador Octa-core. Produto original Apple com acabamento premium.",Eletrônicos,Tablet,Apple,Plus,428.84,Alumínio aeroespacial,Processador Octa-core
51,Tablet Apple - Premium,"O Tablet Apple - Premium é a escolha ideal para quem busca performance. Fabricado com Alumínio aeroespacial, este modelo Premium oferece Conexão 5G. Produto original Apple com acabamento premium.",Eletrônicos,Tablet,Apple,Premium,571.79,Alumínio aeroespacial,Conexão 5G
52,Tablet Apple - Pro Max,"O Tablet Apple - Pro Max é a escolha ideal para quem busca performance. Fabricado com Alumínio aeroespacial, este modelo Pro Max oferece Bateria de 5000mAh. Produto original Apple com acabamento premium.",Eletrônicos,Tablet,Apple,Pro Max,714.74,Alumínio aeroespacial,Bateria de 5000mAh
53,Tablet Samsung - Basic,"O Tablet Samsung - Basic é a escolha ideal para quem busca performance. Fabricado com Polímero de alta resistência, este modelo Basic oferece Bateria de 5000mAh. Produto original Samsung com acabamento premium.",Eletrônicos,Tablet,Samsung,Basic,223.23,Polímero de alta resistência,Bateria de 5000mAh
54,Tablet Samsung - Plus,"O Tablet Samsung - Plus é a escolha ideal para quem busca performance. Fabricado com Polímero de alta resistência, este modelo Plus oferece Processador Octa-core. Produto original Samsung com acabamento premium.",Eletrônicos,Tablet,Samsung,Plus,334.85,Polímero de alta resistência,Processador Octa-core
55,Tablet Samsung - Premium,"O Tablet Samsung - Premium é a escolha ideal para quem busca performance. Fabricado com Polímero de alta resistência, este modelo Premium oferece Tela Super AMOLED. Produto original Samsung com acabamento premium.",Eletrônicos,Tablet,Samsung,Premium,446.47,Polímero de alta resistência,Tela Super AMOLED
56,Tablet Samsung - Pro Max,"O Tablet Samsung - Pro Max é a escolha ideal para quem busca performance. Fabricado com Polímero de alta resistência, este modelo Pro Max oferece Bateria de 5000mAh. Produto original Samsung com acabamento premium.",Eletrônicos,Tablet,Samsung,Pro Max,558.09,Polímero de alta resistência,Bateria de 5000mAh
57,Tablet LG - Basic,"O Tablet LG - Basic é a escolha ideal para quem busca performance. Fabricado com Vidro temperado, este modelo Basic oferece Tela Super AMOLED. Produto original LG com acabamento premium.",Eletrônicos,Tablet,LG,Basic,388.85,Vidro temperado,Tela Super AMOLED
58,Tablet LG - Plus,"O Tablet LG - Plus é a escolha ideal para quem busca performance. Fabricado com Vidro temperado, este modelo Plus oferece Bateria de 5000mAh. Produto original LG com acabamento premium.",Eletrônicos,Tablet,LG,Plus,583.27,Vidro temperado,Bateria de 5000mAh
59,Tablet LG - Premium,"O Tablet LG - Premium é a escolha ideal para quem busca performance. Fabricado com Vidro temperado, este modelo Premium oferece Conexão 5G. Produto original LG com acabamento premium.",Eletrônicos,Tablet,LG,Premium,777.69,Vidro temperado,Conexão 5G
60,Tablet LG - Pro Max,"O Tablet LG - Pro Max é a escolha ideal para quem busca performance. Fabricado com Vidro temperado, este modelo Pro Max oferece Conexão 5G. Produto original LG com acabamento premium.",Eletrônicos,Tablet,LG,Pro Max,972.11,Vidro temperado,Conexão 5G
61,Tablet Motorola - Basic,"O Tablet Motorola - Basic é a escolha ideal para quem busca performance. Fabricado com Vidro temperado, este modelo Basic oferece Processador Octa-core. Produto original Motorola com acabamento premium.",Eletrônicos,Tablet,Motorola,Basic,242.48,Vidro temperado,Processador Octa-core
62,Tablet Motorola - Plus,"O Tablet Motorola - Plus é a escolha ideal para quem busca performance. Fabricado com Vidro temperado, este modelo Plus oferece Conexão 5G. Produto original Motorola com acabamento premium.",Eletrônicos,Tablet,Motorola,Plus,363.72,Vidro temperado,Conexão 5G
63,Tablet Motorola - Premium,"O Tablet Motorola - Premium é a escolha ideal para quem busca performance. Fabricado com Vidro temperado, este modelo Premium oferece Bateria de 5000mAh. Produto original Motorola com acabamento premium.",Eletrônicos,Tablet,Motorola,Premium,484.96,Vidro temperado,Bateria de 5000mAh
64,Tablet Motorola - Pro Max,"O Tablet Motorola - Pro Max é a escolha ideal para quem busca performance. Fabricado com Vidro temperado, este modelo Pro Max oferece Tela Super AMOLED. Produto original Motorola com acabamento premium.",Eletrônicos,Tablet,Motorola,Pro Max,606.2,Vidro temperado,Tela Super AMOLED
65,Fone de Ouvido Bluetooth Apple - Basic,"O Fone de Ouvido Bluetooth Apple - Basic é a escolha ideal para quem busca performance. Fabricado com Vidro temperado, este modelo Basic oferece Tela Super AMOLED. Produto original Apple com acabamento premium.",Eletrônicos,Fone de Ouvido Bluetooth,Apple,Basic,222.53,Vidro temperado,Tela Super AMOLED
66,Fone de Ouvido Bluetooth Apple - Plus,"O Fone de Ouvido Bluetooth Apple - Plus é a escolha ideal para quem busca performance. Fabricado com Vidro temperado, este modelo Plus oferece Processador Octa-core. Produto original Apple com acabamento premium.",Eletrônicos,Fone de Ouvido Bluetooth,Apple,Plus,333.8,Vidro temperado,Processador Octa-core
67,Fone de Ouvido Bluetooth Apple - Premium,"O Fone de Ouvido Bluetooth Apple - Premium é a escolha ideal para quem busca performance. Fabricado com Vidro temperado, este modelo Premium oferece Conexão 5G. Produto original Apple com acabamento premium.",Eletrônicos,Fone de Ouvido Bluetooth,Apple,Premium,445.07,Vidro temperado,Conexão 5G
68,Fone de Ouvido Bluetooth Apple - Pro Max,"O Fone de Ouvido Bluetooth Apple - Pro Max é a escolha ideal para quem busca performance. Fabricado com Vidro temperado, este modelo Pro Max oferece Bateria de 5000mAh. Produto original Apple com acabamento premium.",Eletrônicos,Fone de Ouvido Bluetooth,Apple,Pro Max,556.34,Vidro temperado,Bateria de 5000mAh
69,Fone de Ouvido Bluetooth Samsung - Basic,"O Fone de Ouvido Bluetooth Samsung - Basic é a escolha ideal para quem busca performance. Fabricado com Polímero de alta resistência, este modelo Basic oferece Processador Octa-core. Produto original Samsung com acabamento premium.",Eletrônicos,Fone de Ouvido Bluetooth,Samsung,Basic,194.03,Polímero de alta resistência,Processador Octa-core
70,Fone de Ouvido Bluetooth Samsung - Plus,"O Fone de Ouvido Bluetooth Samsung - Plus é a escolha ideal para quem busca performance. Fabricado com Polímero de alta resistência, este modelo Plus oferece Conexão 5G. Produto original Samsung com acabamento premium.",Eletrônicos,Fone de Ouvido Bluetooth,Samsung,Plus,291.05,Polímero de alta resistência,Conexão 5G
71,Fone de Ouvido Bluetooth Samsung - Premium,"O Fone de Ouvido Bluetooth Samsung - Premium é a escolha ideal para quem busca performance. Fabricado com Polímero de alta resistência, este modelo Premium oferece Processador Octa-core. Produto original Samsung com acabamento premium.",Eletrônicos,Fone de Ouvido Bluetooth,Samsung,Premium,388.07,Polímero de alta resistência,Processador Octa-core
72,Fone de Ouvido Bluetooth Samsung - Pro Max,"O Fone de Ouvido Bluetooth Samsung - Pro Max é a escolha ideal para quem busca performance. Fabricado com Polímero de alta resistência, este modelo Pro Max oferece Bateria de 5000mAh. Produto original Samsung com acabamento premium.",Eletrônicos,Fone de Ouvido Bluetooth,Samsung,Pro Max,485.08,Polímero de alta resistência,Bateria de 5000mAh
73,Fone de Ouvido Bluetooth LG - Basic,"O Fone de Ouvido Bluetooth LG - Basic é a escolha ideal para quem busca performance. Fabricado com Alumínio aeroespacial, este modelo Basic oferece Tela Super AMOLED. Produto original LG com acabamento premium.",Eletrônicos,Fone de Ouvido Bluetooth,LG,Basic,249.34,Alumínio aeroespacial,Tela Super AMOLED
74,Fone de Ouvido Bluetooth LG - Plus,"O Fone de Ouvido Bluetooth LG - Plus é a escolha ideal para quem busca performance. Fabricado com Alumínio aeroespacial, este modelo Plus oferece Tela Super AMOLED. Produto original LG com acabamento premium.",Eletrônicos,Fone de Ouvido Bluetooth,LG,Plus,374.02,Alumínio aeroespacial,Tela Super AMOLED
75,Fone de Ouvido Bluetooth LG - Premium,"O Fone de Ouvido Bluetooth LG - Premium é a escolha ideal para quem busca performance. Fabricado com Alumínio aeroespacial, este modelo Premium oferece Conexão 5G. Produto original LG com acabamento premium.",Eletrônicos,Fone de Ouvido Bluetooth,LG,Premium,498.69,Alumínio aeroespacial,Conexão 5G
76,Fone de Ouvido Bluetooth LG - Pro Max,"O Fone de Ouvido Bluetooth LG - Pro Max é a escolha ideal para quem busca performance. Fabricado com Alumínio aeroespacial, este modelo Pro Max oferece Tela Super AMOLED. Produto original LG com acabamento premium.",Eletrônicos,Fone de Ouvido Bluetooth,LG,Pro Max,623.36,Alumínio aeroespacial,Tela Super AMOLED
77,Fone de Ouvido Bluetooth Motorola - Basic,"O Fone de Ouvido Bluetooth Motorola - Basic é a escolha ideal para quem busca performance. Fabricado com Alumínio aeroespacial, este modelo Basic oferece Tela Super AMOLED. Produto original Motorola com acabamento premium.",Eletrônicos,Fone de Ouvido Bluetooth,Motorola,Basic,232.84,Alumínio aeroespacial,Tela Super AMOLED
78,Fone de Ouvido Bluetooth Motorola - Plus,"O Fone de Ouvido Bluetooth Motorola - Plus é a escolha ideal para quem busca performance. Fabricado com Alumínio aeroespacial, este modelo Plus oferece Tela Super AMOLED. Produto original Motorola com acabamento premium.",Eletrônicos,Fone de Ouvido Bluetooth,Motorola,Plus,349.26,Alumínio aeroespacial,Tela Super AMOLED
79,Fone de Ouvido Bluetooth Motorola - Premium,"O Fone de Ouvido Bluetooth Motorola - Premium é a escolha ideal para quem busca performance. Fabricado com Alumínio aeroespacial, este modelo Premium oferece Processador Octa-core. Produto original Motorola com acabamento premium.",Eletrônicos,Fone de Ouvido Bluetooth,Motorola,Premium,465.68,Alumínio aeroespacial,Processador Octa-core
80,Fone de Ouvido Bluetooth Motorola - Pro Max,"O Fone de Ouvido Bluetooth Motorola - Pro Max é a escolha ideal para quem busca performance. Fabricado com Alumínio aeroespacial, este modelo Pro Max oferece Conexão 5G. Produto original Motorola com acabamento premium.",Eletrônicos,Fone de Ouvido Bluetooth,Motorola,Pro Max,582.1,Alumínio aeroespacial,Conexão 5G
81,Cafeteira Expressa Dyson - Basic,"O Cafeteira Expressa Dyson - Basic é a escolha ideal para quem busca performance. Fabricado com Plástico BPA Free, este modelo Basic oferece Design ergonômico. Produto original Dyson com acabamento premium.",Casa,Cafeteira Expressa,Dyson,Basic,278.96,Plástico BPA Free,Design ergonômico
82,Cafeteira Expressa Dyson - Plus,"O Cafeteira Expressa Dyson - Plus é a escolha ideal para quem busca performance. Fabricado com Plástico BPA Free, este modelo Plus oferece Economia de energia A+++. Produto original Dyson com acabamento premium.",Casa,Cafeteira Expressa,Dyson,Plus,418.44,Plástico BPA Free,Economia de energia A+++
83,Cafeteira Expressa Dyson - Premium,"O Cafeteira Expressa Dyson - Premium é a escolha ideal para quem busca performance. Fabricado com Plástico BPA Free, este modelo Premium oferece Controle via App. Produto original Dyson com acabamento premium.",Casa,Cafeteira Expressa,Dyson,Premium,557.92,Plástico BPA Free,Controle via App
84,Cafeteira Expressa Dyson - Pro Max,"O Cafeteira Expressa Dyson - Pro Max é a escolha ideal para quem busca performance. Fabricado com Plástico BPA Free, este modelo Pro Max oferece Controle via App. Produto original Dyson com acabamento premium.",Casa,Cafeteira Expressa,Dyson,Pro Max,697.4,Plástico BPA Free,Controle via App
85,Cafeteira Expressa ConfortPlus - Basic,"O Cafeteira Expressa ConfortPlus - Basic é a escolha ideal para quem busca performance. Fabricado com Aço inoxidável, este modelo Basic oferece Controle via App. Produto original ConfortPlus com acabamento premium.",Casa,Cafeteira Expressa,ConfortPlus,Basic,433.16,Aço inoxidável,Controle via App
86,Cafeteira Expressa ConfortPlus - Plus,"O Cafeteira Expressa ConfortPlus - Plus é a escolha ideal para quem busca performance. Fabricado com Aço inoxidável, este modelo Plus oferece Economia de energia A+++. Produto original ConfortPlus com acabamento premium.",Casa,Cafeteira Expressa,ConfortPlus,Plus,649.74,Aço inoxidável,Economia de energia A+++
87,Cafeteira Expressa ConfortPlus - Premium,"O Cafeteira Expressa ConfortPlus - Premium é a escolha ideal para quem busca performance. Fabricado com Aço inoxidável, este modelo Premium oferece Design ergonômico. Produto original ConfortPlus com acabamento premium.",Casa,Cafeteira Expressa,ConfortPlus,Premium,866.32,Aço inoxidável,Design ergonômico
88,Cafeteira Expressa ConfortPlus - Pro Max,"O Cafeteira Expressa ConfortPlus - Pro Max é a escolha ideal para quem busca performance. Fabricado com Aço inoxidável, este modelo Pro Max oferece Economia de energia A+++. Produto original ConfortPlus com acabamento premium.",Casa,Cafeteira Expressa,ConfortPlus,Pro Max,1082.91,Aço inoxidável,Economia de energia A+++
89,Cafeteira Expressa Eletrolux - Basic,"O Cafeteira Expressa Eletrolux - Basic é a escolha ideal para quem busca performance. Fabricado com Revestimento cerâmico, este modelo Basic oferece Controle via App. Produto original Eletrolux com acabamento premium.",Casa,Cafeteira Expressa,Eletrolux,Basic,286.89,Revestimento cerâmico,Controle via App
90,Cafeteira Expressa Eletrolux - Plus,"O Cafeteira Expressa Eletrolux - Plus é a escolha ideal para quem busca performance. Fabricado com Revestimento cerâmico, este modelo Plus oferece Potência de 1500W. Produto original Eletrolux com acabamento premium.",Casa,Cafeteira Expressa,Eletrolux,Plus,430.33,Revestimento cerâmico,Potência de 1500W
91,Cafeteira Expressa Eletrolux - Premium,"O Cafeteira Expressa Eletrolux - Premium é a escolha ideal para quem busca performance. Fabricado com Revestimento cerâmico, este modelo Premium oferece Economia de energia A+++. Produto original Eletrolux com acabamento premium.",Casa,Cafeteira Expressa,Eletrolux,Premium,573.77,Revestimento cerâmico,Economia de energia A+++
92,Cafeteira Expressa Eletrolux - Pro Max,"O Cafeteira Expressa Eletrolux - Pro Max é a escolha ideal para quem busca performance. Fabricado com Revestimento cerâmico, este modelo Pro Max oferece Economia de energia A+++. Produto original Eletrolux com acabamento premium.",Casa,Cafeteira Expressa,Eletrolux,Pro Max,717.22,Revestimento cerâmico,Economia de energia A+++
93,Aspirador de Pó Robô Dyson - Basic,"O Aspirador de Pó Robô Dyson - Basic é a escolha ideal para quem busca performance. Fabricado com Revestimento cerâmico, este modelo Basic oferece Design ergonômico. Produto original Dyson com acabamento premium.",Casa,Aspirador de Pó Robô,Dyson,Basic,392.88,Revestimento cerâmico,Design ergonômico
94,Aspirador de Pó Robô Dyson - Plus,"O Aspirador de Pó Robô Dyson - Plus é a escolha ideal para quem busca performance. Fabricado com Revestimento cerâmico, este modelo Plus oferece Design ergonômico. Produto original Dyson com acabamento premium.",Casa,Aspirador de Pó Robô,Dyson,Plus,589.32,Revestimento cerâmico,Design ergonômico
95,Aspirador de Pó Robô Dyson - Premium,"O Aspirador de Pó Robô Dyson - Premium é a escolha ideal para quem busca performance. Fabricado com Revestimento cerâmico, este modelo Premium oferece Controle via App. Produto original Dyson com acabamento premium.",Casa,Aspirador de Pó Robô,Dyson,Premium,785.76,Revestimento cerâmico,Controle via App
96,Aspirador de Pó Robô Dyson - Pro Max,"O Aspirador de Pó Robô Dyson - Pro Max é a escolha ideal para quem busca performance. Fabricado com Revestimento cerâmico, este modelo Pro Max oferece Controle via App. Produto original Dyson com acabamento premium.",Casa,Aspirador de Pó Robô,Dyson,Pro Max,982.2,Revestimento cerâmico,Controle via App
97,Aspirador de Pó Robô ConfortPlus - Basic,"O Aspirador de Pó Robô ConfortPlus - Basic é a escolha ideal para quem busca performance. Fabricado com Plástico BPA Free, este modelo Basic oferece Controle via App. Produto original ConfortPlus com acabamento premium.",Casa,Aspirador de Pó Robô,ConfortPlus,Basic,220.97,Plástico BPA Free,Controle via App
98,Aspirador de Pó Robô ConfortPlus - Plus,"O Aspirador de Pó Robô ConfortPlus - Plus é a escolha ideal para quem busca performance. Fabricado com Plástico BPA Free, este modelo Plus oferece Potência de 1500W. Produto original ConfortPlus com acabamento premium.",Casa,Aspirador de Pó Robô,ConfortPlus,Plus,331.46,Plástico BPA Free,Potência de 1500W
99,Aspirador de Pó Robô ConfortPlus - Premium,"O Aspirador de Pó Robô ConfortPlus - Premium é a escolha ideal para quem busca performance. Fabricado com Plástico BPA Free, este modelo Premium oferece Economia de energia A+++. Produto original ConfortPlus com acabamento premium.",Casa,Aspirador de Pó Robô,ConfortPlus,Premium,441.95,Plástico BPA Free,Economia de energia A+++
100,Aspirador de Pó Robô ConfortPlus - Pro Max,"O Aspirador de Pó Robô ConfortPlus - Pro Max é a escolha ideal para quem busca performance. Fabricado com Plástico BPA Free, este modelo Pro Max oferece Economia de energia A+++. Produto original ConfortPlus com acabamento premium.",Casa,Aspirador de Pó Robô,ConfortPlus,Pro Max,552.44,Plástico BPA Free,Economia de energia A+++
101,Aspirador de Pó Robô Eletrolux - Basic,"O Aspirador de Pó Robô Eletrolux - Basic é a escolha ideal para quem busca performance. Fabricado com Plástico BPA Free, este modelo Basic oferece Economia de energia A+++. Produto original Eletrolux com acabamento premium.",Casa,Aspirador de Pó Robô,Eletrolux,Basic,235.23,Plástico BPA Free,Economia de energia A+++
102,Aspirador de Pó Robô Eletrolux - Plus,"O Aspirador de Pó Robô Eletrolux - Plus é a escolha ideal para quem busca performance. Fabricado com Plástico BPA Free, este modelo Plus oferece Controle via App. Produto original Eletrolux com acabamento premium.",Casa,Aspirador de Pó Robô,Eletrolux,Plus,352.84,Plástico BPA Free,Controle via App
103,Aspirador de Pó Robô Eletrolux - Premium,"O Aspirador de Pó Robô Eletrolux - Premium é a escolha ideal para quem busca performance. Fabricado com Plástico BPA Free, este modelo Premium oferece Controle via App. Produto original Eletrolux com acabamento premium.",Casa,Aspirador de Pó Robô,Eletrolux,Premium,470.46,Plástico BPA Free,Controle via App
104,Aspirador de Pó Robô Eletrolux - Pro Max,"O Aspirador de Pó Robô Eletrolux - Pro Max é a escolha ideal para quem busca performance. Fabricado com Plástico BPA Free, este modelo Pro Max oferece Economia de energia A+++. Produto original Eletrolux com acabamento premium.",Casa,Aspirador de Pó Robô,Eletrolux,Pro Max,588.07,Plástico BPA Free,Economia de energia A+++
105,Luminária Inteligente Dyson - Basic,"O Luminária Inteligente Dyson - Basic é a escolha ideal para quem busca performance. Fabricado com Aço inoxidável, este modelo Basic oferece Design ergonômico. Produto original Dyson com acabamento premium.",Casa,Luminária Inteligente,Dyson,Basic,157.83,Aço inoxidável,Design ergonômico
106,Luminária Inteligente Dyson - Plus,"O Luminária Inteligente Dyson - Plus é a escolha ideal para quem busca performance. Fabricado com Aço inoxidável, este modelo Plus oferece Controle via App. Produto original Dyson com acabamento premium.",Casa,Luminária Inteligente,Dyson,Plus,236.75,Aço inoxidável,Controle via App
107,Luminária Inteligente Dyson - Premium,"O Luminária Inteligente Dyson - Premium é a escolha ideal para quem busca performance. Fabricado com Aço inoxidável, este modelo Premium oferece Controle via App. Produto original Dyson com acabamento premium.",Casa,Luminária Inteligente,Dyson,Premium,315.66,Aço inoxidável,Controle via App
108,Luminária Inteligente Dyson - Pro Max,"O Luminária Inteligente Dyson - Pro Max é a escolha ideal para quem busca performance. Fabricado com Aço inoxidável, este modelo Pro Max oferece Design ergonômico. Produto original Dyson com acabamento premium.",Casa,Luminária Inteligente,Dyson,Pro Max,394.58,Aço inoxidável,Design ergonômico
109,Luminária Inteligente ConfortPlus - Basic,"O Luminária Inteligente ConfortPlus - Basic é a escolha ideal para quem busca performance. Fabricado com Plástico BPA Free, este modelo Basic oferece Economia de energia A+++. Produto original ConfortPlus com acabamento premium.",Casa,Luminária Inteligente,ConfortPlus,Basic,161.18,Plástico BPA Free,Economia de energia A+++
110,Luminária Inteligente ConfortPlus - Plus,"O Luminária Inteligente ConfortPlus - Plus é a escolha ideal para quem busca performance. Fabricado com Plástico BPA Free, este modelo Plus oferece Design ergonômico. Produto original ConfortPlus com acabamento premium.",Casa,Luminária Inteligente,ConfortPlus,Plus,241.78,Plástico BPA Free,Design ergonômico
111,Luminária Inteligente ConfortPlus - Premium,"O Luminária Inteligente ConfortPlus - Premium é a escolha ideal para quem busca performance. Fabricado com Plástico BPA Free, este modelo Premium oferece Controle via App. Produto original ConfortPlus com acabamento premium.",Casa,Luminária Inteligente,ConfortPlus,Premium,322.37,Plástico BPA Free,Controle via App
112,Luminária Inteligente ConfortPlus - Pro Max,"O Luminária Inteligente ConfortPlus - Pro Max é a escolha ideal para quem busca performance. Fabricado com Plástico BPA Free, este modelo Pro Max oferece Controle via App. Produto original ConfortPlus com acabamento premium.",Casa,Luminária Inteligente,ConfortPlus,Pro Max,402.96,Plástico BPA Free,Controle via App
113,Luminária Inteligente Eletrolux - Basic,"O Luminária Inteligente Eletrolux - Basic é a escolha ideal para quem busca performance. Fabricado com Aço inoxidável, este modelo Basic oferece Potência de 1500W. Produto original Eletrolux com acabamento premium.",Casa,Luminária Inteligente,Eletrolux,Basic,273.27,Aço inoxidável,Potência de 1500W
114,Luminária Inteligente Eletrolux - Plus,"O Luminária Inteligente Eletrolux - Plus é a escolha ideal para quem busca performance. Fabricado com Aço inoxidável, este modelo Plus oferece Economia de energia A+++. Produto original Eletrolux com acabamento premium.",Casa,Luminária Inteligente,Eletrolux,Plus,409.91,Aço inoxidável,Economia de energia A+++
115,Luminária Inteligente Eletrolux - Premium,"O Luminária Inteligente Eletrolux - Premium é a escolha ideal para quem busca performance. Fabricado com Aço inoxidável, este modelo Premium oferece Design ergonômico. Produto original Eletrolux com acabamento premium.",Casa,Luminária Inteligente,Eletrolux,Premium,546.54,Aço inoxidável,Design ergonômico
116,Luminária Inteligente Eletrolux - Pro Max,"O Luminária Inteligente Eletrolux - Pro Max é a escolha ideal para quem busca performance. Fabricado com Aço inoxidável, este modelo Pro Max oferece Design ergonômico. Produto original Eletrolux com acabamento premium.",Casa,Luminária Inteligente,Eletrolux,Pro Max,683.18,Aço inoxidável,Design ergonômico
117,Fritadeira Elétrica Dyson - Basic,"O Fritadeira Elétrica Dyson - Basic é a escolha ideal para quem busca performance. Fabricado com Revestimento cerâmico, este modelo Basic oferece Controle via App. Produto original Dyson com acabamento premium.",Casa,Fritadeira Elétrica,Dyson,Basic,493.75,Revestimento cerâmico,Controle via App
118,Fritadeira Elétrica Dyson - Plus,"O Fritadeira Elétrica Dyson - Plus é a escolha ideal para quem busca performance. Fabricado com Revestimento cerâmico, este modelo Plus oferece Design ergonômico. Produto original Dyson com acabamento premium.",Casa,Fritadeira Elétrica,Dyson,Plus,740.63,Revestimento cerâmico,Design ergonômico
119,Fritadeira Elétrica Dyson - Premium,"O Fritadeira Elétrica Dyson - Premium é a escolha ideal para quem busca performance. Fabricado com Revestimento cerâmico, este modelo Premium oferece Design ergonômico. Produto original Dyson com acabamento premium.",Casa,Fritadeira Elétrica,Dyson,Premium,987.51,Revestimento cerâmico,Design ergonômico
120,Fritadeira Elétrica Dyson - Pro Max,"O Fritadeira Elétrica Dyson - Pro Max é a escolha ideal para quem busca performance. Fabricado com Revestimento cerâmico, este modelo Pro Max oferece Controle via App. Produto original Dyson com acabamento premium.",Casa,Fritadeira Elétrica,Dyson,Pro Max,1234.39,Revestimento cerâmico,Controle via App
121,Fritadeira Elétrica ConfortPlus - Basic,"O Fritadeira Elétrica ConfortPlus - Basic é a escolha ideal para quem busca performance. Fabricado com Revestimento cerâmico, este modelo Basic oferece Design ergonômico. Produto original ConfortPlus com acabamento premium.",Casa,Fritadeira Elétrica,ConfortPlus,Basic,231.56,Revestimento cerâmico,Design ergonômico
122,Fritadeira Elétrica ConfortPlus - Plus,"O Fritadeira Elétrica ConfortPlus - Plus é a escolha ideal para quem busca performance. Fabricado com Revestimento cerâmico, este modelo Plus oferece Design ergonômico. Produto original ConfortPlus com acabamento premium.",Casa,Fritadeira Elétrica,ConfortPlus,Plus,347.34,Revestimento cerâmico,Design ergonômico
123,Fritadeira Elétrica ConfortPlus - Premium,"O Fritadeira Elétrica ConfortPlus - Premium é a escolha ideal para quem busca performance. Fabricado com Revestimento cerâmico, este modelo Premium oferece Potência de 1500W. Produto original ConfortPlus com acabamento premium.",Casa,Fritadeira Elétrica,ConfortPlus,Premium,463.11,Revestimento cerâmico,Potência de 1500W
124,Fritadeira Elétrica ConfortPlus - Pro Max,"O Fritadeira Elétrica ConfortPlus - Pro Max é a escolha ideal para quem busca performance. Fabricado com Revestimento cerâmico, este modelo Pro Max oferece Potência de 1500W. Produto original ConfortPlus com acabamento premium.",Casa,Fritadeira Elétrica,ConfortPlus,Pro Max,578.89,Revestimento cerâmico,Potência de 1500W
125,Fritadeira Elétrica Eletrolux - Basic,"O Fritadeira Elétrica Eletrolux - Basic é a escolha ideal para quem busca performance. Fabricado com Revestimento cerâmico, este modelo Basic oferece Design ergonômico. Produto original Eletrolux com acabamento premium.",Casa,Fritadeira Elétrica,Eletrolux,Basic,439.12,Revestimento cerâmico,Design ergonômico
126,Fritadeira Elétrica Eletrolux - Plus,"O Fritadeira Elétrica Eletrolux - Plus é a escolha ideal para quem busca performance. Fabricado com Revestimento cerâmico, este modelo Plus oferece Economia de energia A+++. Produto original Eletrolux com acabamento premium.",Casa,Fritadeira Elétrica,Eletrolux,Plus,658.68,Revestimento cerâmico,Economia de energia A+++
127,Fritadeira Elétrica Eletrolux - Premium,"O Fritadeira Elétrica Eletrolux - Premium é a escolha ideal para quem busca performance. Fabricado com Revestimento cerâmico, este modelo Premium oferece Controle via App. Produto original Eletrolux com acabamento premium.",Casa,Fritadeira Elétrica,Eletrolux,Premium,878.25,Revestimento cerâmico,Controle via App
128,Fritadeira Elétrica Eletrolux - Pro Max,"O Fritadeira Elétrica Eletrolux - Pro Max é a escolha ideal para quem busca performance. Fabricado com Revestimento cerâmico, este modelo Pro Max oferece Economia de energia A+++. Produto original Eletrolux com acabamento premium.",Casa,Fritadeira Elétrica,Eletrolux,Pro Max,1097.81,Revestimento cerâmico,Economia de energia A+++
129,Tênis de Corrida North Face - Basic,"O Tênis de Corrida North Face - Basic é a escolha ideal para quem busca performance. Fabricado com Fibras recicladas, este modelo Basic oferece Costura reforçada. Produto original North Face com acabamento premium.",Moda,Tênis de Corrida,North Face,Basic,257.89,Fibras recicladas,Costura reforçada
130,Tênis de Corrida North Face - Plus,"O Tênis de Corrida North Face - Plus é a escolha ideal para quem busca performance. Fabricado com Fibras recicladas, este modelo Plus oferece Costura reforçada. Produto original North Face com acabamento premium.",Moda,Tênis de Corrida,North Face,Plus,386.83,Fibras recicladas,Costura reforçada
131,Tênis de Corrida North Face - Premium,"O Tênis de Corrida North Face - Premium é a escolha ideal para quem busca performance. Fabricado com Fibras recicladas, este modelo Premium oferece Leve e resistente. Produto original North Face com acabamento premium.",Moda,Tênis de Corrida,North Face,Premium,515.77,Fibras recicladas,Leve e resistente
132,Tênis de Corrida North Face - Pro Max,"O Tênis de Corrida North Face - Pro Max é a escolha ideal para quem busca performance. Fabricado com Fibras recicladas, este modelo Pro Max oferece Tecnologia Dry-fit. Produto original North Face com acabamento premium.",Moda,Tênis de Corrida,North Face,Pro Max,644.71,Fibras recicladas,Tecnologia Dry-fit
133,Tênis de Corrida Adidas - Basic,"O Tênis de Corrida Adidas - Basic é a escolha ideal para quem busca performance. Fabricado com Tecido respirável, este modelo Basic oferece Costura reforçada. Produto original Adidas com acabamento premium.",Moda,Tênis de Corrida,Adidas,Basic,309.54,Tecido respirável,Costura reforçada
134,Tênis de Corrida Adidas - Plus,"O Tênis de Corrida Adidas - Plus é a escolha ideal para quem busca performance. Fabricado com Tecido respirável, este modelo Plus oferece Leve e resistente. Produto original Adidas com acabamento premium.",Moda,Tênis de Corrida,Adidas,Plus,464.31,Tecido respirável,Leve e resistente
135,Tênis de Corrida Adidas - Premium,"O Tênis de Corrida Adidas - Premium é a escolha ideal para quem busca performance. Fabricado com Tecido respirável, este modelo Premium oferece Tecnologia Dry-fit. Produto original Adidas com acabamento premium.",Moda,Tênis de Corrida,Adidas,Premium,619.09,Tecido respirável,Tecnologia Dry-fit
136,Tênis de Corrida Adidas - Pro Max,"O Tênis de Corrida Adidas - Pro Max é a escolha ideal para quem busca performance. Fabricado com Tecido respirável, este modelo Pro Max oferece Costura reforçada. Produto original Adidas com acabamento premium.",Moda,Tênis de Corrida,Adidas,Pro Max,773.86,Tecido respirável,Costura reforçada
137,Tênis de Corrida Nike - Basic,"O Tênis de Corrida Nike - Basic é a escolha ideal para quem busca performance. Fabricado com Couro sintético Premium, este modelo Basic oferece Zíper selado. Produto original Nike com acabamento premium.",Moda,Tênis de Corrida,Nike,Basic,326.57,Couro sintético Premium,Zíper selado
138,Tênis de Corrida Nike - Plus,"O Tênis de Corrida Nike - Plus é a escolha ideal para quem busca performance. Fabricado com Couro sintético Premium, este modelo Plus oferece Zíper selado. Produto original Nike com acabamento premium.",Moda,Tênis de Corrida,Nike,Plus,489.86,Couro sintético Premium,Zíper selado
139,Tênis de Corrida Nike - Premium,"O Tênis de Corrida Nike - Premium é a escolha ideal para quem busca performance. Fabricado com Couro sintético Premium, este modelo Premium oferece Leve e resistente. Produto original Nike com acabamento premium.",Moda,Tênis de Corrida,Nike,Premium,653.15,Couro sintético Premium,Leve e resistente
140,Tênis de Corrida Nike - Pro Max,"O Tênis de Corrida Nike - Pro Max é a escolha ideal para quem busca performance. Fabricado com Couro sintético Premium, este modelo Pro Max oferece Costura reforçada. Produto original Nike com acabamento premium.",Moda,Tênis de Corrida,Nike,Pro Max,816.44,Couro sintético Premium,Costura reforçada
141,Mochila Impermeável North Face - Basic,"O Mochila Impermeável North Face - Basic é a escolha ideal para quem busca performance. Fabricado com Couro sintético Premium, este modelo Basic oferece Costura reforçada. Produto original North Face com acabamento premium.",Moda,Mochila Impermeável,North Face,Basic,417.74,Couro sintético Premium,Costura reforçada
142,Mochila Impermeável North Face - Plus,"O Mochila Impermeável North Face - Plus é a escolha ideal para quem busca performance. Fabricado com Couro sintético Premium, este modelo Plus oferece Costura reforçada. Produto original North Face com acabamento premium.",Moda,Mochila Impermeável,North Face,Plus,626.61,Couro sintético Premium,Costura reforçada
143,Mochila Impermeável North Face - Premium,"O Mochila Impermeável North Face - Premium é a escolha ideal para quem busca performance. Fabricado com Couro sintético Premium, este modelo Premium oferece Costura reforçada. Produto original North Face com acabamento premium.",Moda,Mochila Impermeável,North Face,Premium,835.48,Couro sintético Premium,Costura reforçada
144,Mochila Impermeável North Face - Pro Max,"O Mochila Impermeável North Face - Pro Max é a escolha ideal para quem busca performance. Fabricado com Couro sintético Premium, este modelo Pro Max oferece Leve e resistente. Produto original North Face com acabamento premium.",Moda,Mochila Impermeável,North Face,Pro Max,1044.34,Couro sintético Premium,Leve e resistente
145,Mochila Impermeável Adidas - Basic,"O Mochila Impermeável Adidas - Basic é a escolha ideal para quem busca performance. Fabricado com Fibras recicladas, este modelo Basic oferece Leve e resistente. Produto original Adidas com acabamento premium.",Moda,Mochila Impermeável,Adidas,Basic,435.67,Fibras recicladas,Leve e resistente
146,Mochila Impermeável Adidas - Plus,"O Mochila Impermeável Adidas - Plus é a escolha ideal para quem busca performance. Fabricado com Fibras recicladas, este modelo Plus oferece Zíper selado. Produto original Adidas com acabamento premium.",Moda,Mochila Impermeável,Adidas,Plus,653.5,Fibras recicladas,Zíper selado
147,Mochila Impermeável Adidas - Premium,"O Mochila Impermeável Adidas - Premium é a escolha ideal para quem busca performance. Fabricado com Fibras recicladas, este modelo Premium oferece Tecnologia Dry-fit. Produto original Adidas com acabamento premium.",Moda,Mochila Impermeável,Adidas,Premium,871.33,Fibras recicladas,Tecnologia Dry-fit
148,Mochila Impermeável Adidas - Pro Max,"O Mochila Impermeável Adidas - Pro Max é a escolha ideal para quem busca performance. Fabricado com Fibras recicladas, este modelo Pro Max oferece Leve e resistente. Produto original Adidas com acabamento premium.",Moda,Mochila Impermeável,Adidas,Pro Max,1089.17,Fibras recicladas,Leve e resistente
149,Mochila Impermeável Nike - Basic,"O Mochila Impermeável Nike - Basic é a escolha ideal para quem busca performance. Fabricado com Fibras recicladas, este modelo Basic oferece Zíper selado. Produto original Nike com acabamento premium.",Moda,Mochila Impermeável,Nike,Basic,314.32,Fibras recicladas,Zíper selado
150,Mochila Impermeável Nike - Plus,"O Mochila Impermeável Nike - Plus é a escolha ideal para quem busca performance. Fabricado com Fibras recicladas, este modelo Plus oferece Tecnologia Dry-fit. Produto original Nike com acabamento premium.",Moda,Mochila Impermeável,Nike,Plus,471.48,Fibras recicladas,Tecnologia Dry-fit
151,Mochila Impermeável Nike - Premium,"O Mochila Impermeável Nike - Premium é a escolha ideal para quem busca performance. Fabricado com Fibras recicladas, este modelo Premium oferece Costura reforçada. Produto original Nike com acabamento premium.",Moda,Mochila Impermeável,Nike,Premium,628.63,Fibras recicladas,Costura reforçada
152,Mochila Impermeável Nike - Pro Max,"O Mochila Impermeável Nike - Pro Max é a escolha ideal para quem busca performance. Fabricado com Fibras recicladas, este modelo Pro Max oferece Leve e resistente. Produto original Nike com acabamento premium.",Moda,Mochila Impermeável,Nike,Pro Max,785.79,Fibras recicladas,Leve e resistente
153,Relógio Analógico North Face - Basic,"O Relógio Analógico North Face - Basic é a escolha ideal para quem busca performance. Fabricado com Couro sintético Premium, este modelo Basic oferece Costura reforçada. Produto original North Face com acabamento premium.",Moda,Relógio Analógico,North Face,Basic,363.53,Couro sintético Premium,Costura reforçada
154,Relógio Analógico North Face - Plus,"O Relógio Analógico North Face - Plus é a escolha ideal para quem busca performance. Fabricado com Couro sintético Premium, este modelo Plus oferece Tecnologia Dry-fit. Produto original North Face com acabamento premium.",Moda,Relógio Analógico,North Face,Plus,545.29,Couro sintético Premium,Tecnologia Dry-fit
155,Relógio Analógico North Face - Premium,"O Relógio Analógico North Face - Premium é a escolha ideal para quem busca performance. Fabricado com Couro sintético Premium, este modelo Premium oferece Costura reforçada. Produto original North Face com acabamento premium.",Moda,Relógio Analógico,North Face,Premium,727.06,Couro sintético Premium,Costura reforçada
156,Relógio Analógico North Face - Pro Max,"O Relógio Analógico North Face - Pro Max é a escolha ideal para quem busca performance. Fabricado com Couro sintético Premium, este modelo Pro Max oferece Zíper selado. Produto original North Face com acabamento premium.",Moda,Relógio Analógico,North Face,Pro Max,908.82,Couro sintético Premium,Zíper selado
157,Relógio Analógico Adidas - Basic,"O Relógio Analógico Adidas - Basic é a escolha ideal para quem busca performance. Fabricado com Tecido respirável, este modelo Basic oferece Tecnologia Dry-fit. Produto original Adidas com acabamento premium.",Moda,Relógio Analógico,Adidas,Basic,259.5,Tecido respirável,Tecnologia Dry-fit
158,Relógio Analógico Adidas - Plus,"O Relógio Analógico Adidas - Plus é a escolha ideal para quem busca performance. Fabricado com Tecido respirável, este modelo Plus oferece Costura reforçada. Produto original Adidas com acabamento premium.",Moda,Relógio Analógico,Adidas,Plus,389.25,Tecido respirável,Costura reforçada
159,Relógio Analógico Adidas - Premium,"O Relógio Analógico Adidas - Premium é a escolha ideal para quem busca performance. Fabricado com Tecido respirável, este modelo Premium oferece Leve e resistente. Produto original Adidas com acabamento premium.",Moda,Relógio Analógico,Adidas,Premium,519.0,Tecido respirável,Leve e resistente
160,Relógio Analógico Adidas - Pro Max,"O Relógio Analógico Adidas - Pro Max é a escolha ideal para quem busca performance. Fabricado com Tecido respirável, este modelo Pro Max oferece Leve e resistente. Produto original Adidas com acabamento premium.",Moda,Relógio Analógico,Adidas,Pro Max,648.75,Tecido respirável,Leve e resistente
161,Relógio Analógico Nike - Basic,"O Relógio Analógico Nike - Basic é a escolha ideal para quem busca performance. Fabricado com Tecido respirável, este modelo Basic oferece Tecnologia Dry-fit. Produto original Nike com acabamento premium.",Moda,Relógio Analógico,Nike,Basic,469.55,Tecido respirável,Tecnologia Dry-fit
162,Relógio Analógico Nike - Plus,"O Relógio Analógico Nike - Plus é a escolha ideal para quem busca performance. Fabricado com Tecido respirável, este modelo Plus oferece Zíper selado. Produto original Nike com acabamento premium.",Moda,Relógio Analógico,Nike,Plus,704.33,Tecido respirável,Zíper selado
163,Relógio Analógico Nike - Premium,"O Relógio Analógico Nike - Premium é a escolha ideal para quem busca performance. Fabricado com Tecido respirável, este modelo Premium oferece Costura reforçada. Produto original Nike com acabamento premium.",Moda,Relógio Analógico,Nike,Premium,939.11,Tecido respirável,Costura reforçada
164,Relógio Analógico Nike - Pro Max,"O Relógio Analógico Nike - Pro Max é a escolha ideal para quem busca performance. Fabricado com Tecido respirável, este modelo Pro Max oferece Tecnologia Dry-fit. Produto original Nike com acabamento premium.",Moda,Relógio Analógico,Nike,Pro Max,1173.89,Tecido respirável,Tecnologia Dry-fit
165,Jaqueta Corta-vento North Face - Basic,"O Jaqueta Corta-vento North Face - Basic é a escolha ideal para quem busca performance. Fabricado com Couro sintético Premium, este modelo Basic oferece Zíper selado. Produto original North Face com acabamento premium.",Moda,Jaqueta Corta-vento,North Face,Basic,431.55,Couro sintético Premium,Zíper selado
166,Jaqueta Corta-vento North Face - Plus,"O Jaqueta Corta-vento North Face - Plus é a escolha ideal para quem busca performance. Fabricado com Couro sintético Premium, este modelo Plus oferece Zíper selado. Produto original North Face com acabamento premium.",Moda,Jaqueta Corta-vento,North Face,Plus,647.33,Couro sintético Premium,Zíper selado
167,Jaqueta Corta-vento North Face - Premium,"O Jaqueta Corta-vento North Face - Premium é a escolha ideal para quem busca performance. Fabricado com Couro sintético Premium, este modelo Premium oferece Costura reforçada. Produto original North Face com acabamento premium.",Moda,Jaqueta Corta-vento,North Face,Premium,863.1,Couro sintético Premium,Costura reforçada
168,Jaqueta Corta-vento North Face - Pro Max,"O Jaqueta Corta-vento North Face - Pro Max é a escolha ideal para quem busca performance. Fabricado com Couro sintético Premium, este modelo Pro Max oferece Tecnologia Dry-fit. Produto original North Face com acabamento premium.",Moda,Jaqueta Corta-vento,North Face,Pro Max,1078.88,Couro sintético Premium,Tecnologia Dry-fit
169,Jaqueta Corta-vento Adidas - Basic,"O Jaqueta Corta-vento Adidas - Basic é a escolha ideal para quem busca performance. Fabricado com Fibras recicladas, este modelo Basic oferece Zíper selado. Produto original Adidas com acabamento premium.",Moda,Jaqueta Corta-vento,Adidas,Basic,170.81,Fibras recicladas,Zíper selado
170,Jaqueta Corta-vento Adidas - Plus,"O Jaqueta Corta-vento Adidas - Plus é a escolha ideal para quem busca performance. Fabricado com Fibras recicladas, este modelo Plus oferece Tecnologia Dry-fit. Produto original Adidas com acabamento premium.",Moda,Jaqueta Corta-vento,Adidas,Plus,256.22,Fibras recicladas,Tecnologia Dry-fit
171,Jaqueta Corta-vento Adidas - Premium,"O Jaqueta Corta-vento Adidas - Premium é a escolha ideal para quem busca performance. Fabricado com Fibras recicladas, este modelo Premium oferece Zíper selado. Produto original Adidas com acabamento premium.",Moda,Jaqueta Corta-vento,Adidas,Premium,341.62,Fibras recicladas,Zíper selado
172,Jaqueta Corta-vento Adidas - Pro Max,"O Jaqueta Corta-vento Adidas - Pro Max é a escolha ideal para quem busca performance. Fabricado com Fibras recicladas, este modelo Pro Max oferece Leve e resistente. Produto original Adidas com acabamento premium.",Moda,Jaqueta Corta-vento,Adidas,Pro Max,427.03,Fibras recicladas,Leve e resistente
173,Jaqueta Corta-vento Nike - Basic,"O Jaqueta Corta-vento Nike - Basic é a escolha ideal para quem busca performance. Fabricado com Fibras recicladas, este modelo Basic oferece Tecnologia Dry-fit. Produto original Nike com acabamento premium.",Moda,Jaqueta Corta-vento,Nike,Basic,446.74,Fibras recicladas,Tecnologia Dry-fit
174,Jaqueta Corta-vento Nike - Plus,"O Jaqueta Corta-vento Nike - Plus é a escolha ideal para quem busca performance. Fabricado com Fibras recicladas, este modelo Plus oferece Costura reforçada. Produto original Nike com acabamento premium.",Moda,Jaqueta Corta-vento,Nike,Plus,670.1,Fibras recicladas,Costura reforçada
175,Jaqueta Corta-vento Nike - Premium,"O Jaqueta Corta-vento Nike - Premium é a escolha ideal para quem busca performance. Fabricado com Fibras recicladas, este modelo Premium oferece Costura reforçada. Produto original Nike com acabamento premium.",Moda,Jaqueta Corta-vento,Nike,Premium,893.47,Fibras recicladas,Costura reforçada
176,Jaqueta Corta-vento Nike - Pro Max,"O Jaqueta Corta-vento Nike - Pro Max é a escolha ideal para quem busca performance. Fabricado com Fibras recicladas, este modelo Pro Max oferece Tecnologia Dry-fit. Produto original Nike com acabamento premium.",Moda,Jaqueta Corta-vento,Nike,Pro Max,1116.84,Fibras recicladas,Tecnologia Dry-fit
